1035616256|1035632639|湖南省|\N|电信
3524669440|3524673535|湖南省|\N|联通
1038896384|1038896639|湖南省|岳阳市|铁通
3549370624|3549371903|湖南省|永州市|移通
3702087680|3702095871|湖南省|怀化市|电信
3740532736|3740598271|湖南省|长沙市|电信
3664285696|3664289791|湖南省|\N|联通
3727925248|3727929343|湖南省|郴州市|铁通
3727891792|3727891807|湖南省|衡阳市|铁通
3727891840|3727891855|湖南省|娄底市|铁通
974450688|974452735|湖南省|益阳市|联通
3727884288|3727949823|湖南省|\N|铁通
3702061056|3702061567|湖南省|长沙市|电信
3702083584|3702087679|湖南省|湘潭市|电信
1038893568|1038897151|湖南省|\N|铁通
1035727872|1035728383|湖南省|郴州市(永兴县)|电信
3704270848|3704272895|湖南省|岳阳市|联通
1038808576|1038809343|湖南省|怀化市|铁通
1038808320|1038808575|湖南省|湘西州|铁通
1038804480|1038804991|湖南省|岳阳市|铁通
1032415744|1032416255|湖南省|湘潭市|电信
1035665408|1035669503|湖南省|长沙市|电信
1035730688|1035730943|湖南省|长沙市(电信骨干网)|电信
1032402176|1032402943|湖南省|张家界市|电信
1032401152|1032402175|湖南省|永州市|电信
975994880|976027647|湖南省|湘西州|电信
3662458624|3662461951|湖南省|常德市|电信
3549094912|3549095935|湖南省|长沙市|移通
1032397056|1032398079|湖南省|怀化市|电信
1038809600|1038810367|湖南省|长沙市|铁通
1032400384|1032401151|湖南省|娄底市|电信
1035688192|1035689727|湖南省|岳阳市|电信
3524673088|3524673151|湖南省|长沙市|联通
1032395776|1032396799|湖南省|衡阳市|电信
1032392448|1032393215|湖南省|常德市|电信
1032395008|1032395775|湖南省|湘潭市|电信
1032399616|1032400383|湖南省|益阳市|电信
3544440832|3544441855|湖南省|常德市(澧县第一中学)|教育网
2080227328|2080235519|湖南省|长沙市|中信网络
1035725056|1035725567|湖南省|衡阳市|电信
1035722752|1035723007|湖南省|邵阳市|电信
1035716864|1035718399|湖南省|娄底市|电信
1038810368|1038810427|湖南省|娄底市|铁通
1035686912|1035687167|湖南省|长沙市(长沙涉外经济学院)|电信
1035624448|1035624737|湖南省|长沙市|电信
1035620352|1035624447|湖南省|长沙市|电信
1035616256|1035618303|湖南省|益阳市|电信
1035618304|1035620351|湖南省|怀化市|电信
1035625216|1035625727|湖南省|长沙市|电信
1035624960|1035625215|湖南省|岳阳市|电信
1035625984|1035626239|湖南省|长沙市|电信
1035625728|1035625983|湖南省|长沙市(建材高等专科学校)|电信
1035626496|1035630591|湖南省|长沙市|电信
1035626240|1035626495|湖南省|长沙市(浏阳市)|电信
1035630592|1035632639|湖南省|永州市|电信
1032393984|1032395007|湖南省|邵阳市|电信
1038808064|1038808319|湖南省|张家界市|铁通
1038804992|1038805759|湖南省|湘潭市|铁通
1038805760|1038806527|湖南省|益阳市|铁通
1038809344|1038809599|湖南省|常德市|铁通
1032393216|1032393983|湖南省|岳阳市|电信
1032407296|1032407551|湖南省|岳阳市|电信
1032409600|1032410623|湖南省|常德市|电信
1035726848|1035727871|湖南省|郴州市|电信
1035725568|1035726847|湖南省|张家界市|电信
1035723008|1035724799|湖南省|怀化市|电信
1035702272|1035712767|湖南省|衡阳市|电信
1035692032|1035702271|湖南省|长沙市|电信
1035689728|1035692031|湖南省|株洲市|电信
1035687168|1035688191|湖南省|长沙市|电信
1035685376|1035686911|湖南省|益阳市|电信
1038651136|1038651391|湖南省|张家界市|铁通
1038651904|1038652159|湖南省|郴州市|铁通
1038652160|1038652415|湖南省|常德市|铁通
1038652672|1038652927|湖南省|湘西州|铁通
1039261696|1039262719|湖南省|长沙市|联通
1039264256|1039265023|湖南省|郴州市|联通
1039263488|1039264255|湖南省|益阳市|联通
1039265024|1039265791|湖南省|邵阳市|联通
3524062464|3524062719|湖南省|长沙市|联通(原吉通)
3395764256|3395764479|湖南省|长沙市|电信
3395766784|3395768831|湖南省|株洲市|电信
3395768832|3395769087|湖南省|湘西州|电信
3395769088|3395769343|湖南省|怀化市|电信
3395769344|3395769599|湖南省|永州市|电信
3395769600|3395769855|湖南省|郴州市|电信
3395769856|3395770111|湖南省|益阳市|电信
3395770112|3395770367|湖南省|张家界市|电信
3395770368|3395770623|湖南省|娄底市|电信
3395770624|3395770879|湖南省|湘西州|电信
3395770880|3395771135|湖南省|怀化市|电信
3395771136|3395771391|湖南省|永州市|电信
3395771392|3395771647|湖南省|郴州市|电信
3395771648|3395771903|湖南省|益阳市|电信
3395771904|3395772159|湖南省|张家界市|电信
3395772160|3395772927|湖南省|长沙市|电信
3395772928|3395773183|湖南省|株洲市|电信
3395773184|3395773439|湖南省|岳阳市|电信
3395773440|3395773695|湖南省|长沙市|电信
3395773696|3395773951|湖南省|常德市|电信
3395773952|3395774207|湖南省|衡阳市|电信
3395774208|3395774223|湖南省|邵阳市|电信
3395774224|3395774239|湖南省|怀化市|电信
3395774240|3395774271|湖南省|邵阳市|电信
3395774272|3395774287|湖南省|湘西州|电信
3395774288|3395774303|湖南省|娄底市|电信
3395774304|3395774335|湖南省|怀化市|电信
3395774336|3395774367|湖南省|湘西州|电信
3395774368|3395774399|湖南省|娄底市|电信
3395774464|3395774719|湖南省|湘潭市|电信
3395774720|3395774975|湖南省|常德市|电信
3395774976|3395776767|湖南省|长沙市|电信
3395776512|3395776537|湖南省|湘潭市|电信
3395776538|3395776562|湖南省|株洲市|电信
3395776563|3395776587|湖南省|衡阳市|电信
3395776588|3395776612|湖南省|常德市|电信
3395776613|3395776637|湖南省|岳阳市|电信
3395776638|3395776662|湖南省|邵阳市|电信
3395776663|3395776677|湖南省|郴州市|电信
3395776678|3395776692|湖南省|益阳市|电信
3395776693|3395776707|湖南省|永州市|电信
3395776708|3395776722|湖南省|娄底市|电信
3395776723|3395776737|湖南省|怀化市|电信
3395776738|3395776752|湖南省|张家界市|电信
3395776753|3395776766|湖南省|湘西州|电信
3395776768|3395777023|湖南省|常德市|电信
3395777024|3395777279|湖南省|长沙市|电信
3395777280|3395777535|湖南省|株洲市|电信
3395777536|3395777791|湖南省|长沙市|电信
3395777792|3395778303|湖南省|岳阳市|电信
3395778304|3395778559|湖南省|衡阳市|电信
3395778560|3395778815|湖南省|长沙市|电信
3395778816|3395779071|湖南省|衡阳市|电信
3395779072|3395779327|湖南省|永州市|电信
3395779328|3395779583|湖南省|邵阳市|电信
3395779584|3395779839|湖南省|长沙市|电信
3395779840|3395780095|湖南省|湘潭市|电信
3395780096|3395780351|湖南省|娄底市|电信
3401908224|3401912319|湖南省|长沙市(国防大学)|教育网
3401912320|3401914367|湖南省|长沙市(长沙工学院)|教育网
3401916416|3401920511|湖南省|长沙市(中南大学铁道校区)|教育网
3401920512|3401924607|湖南省|长沙市(中南工业大学)|教育网
3401924608|3401928703|湖南省|长沙市(中南大学)|教育网
3401971712|3401973759|湖南省|湘潭市(湘潭矿业学院)|教育网
3401965568|3401969663|湖南省|湘潭市(湘潭大学)|教育网
3401936896|3401940991|湖南省|长沙市(湖南师范大学)|教育网
3401969664|3401971711|湖南省|湘潭市(湖南工程学院)|教育网
3524016896|3524017151|湖南省|长沙市|联通(原吉通)
3524017920|3524018175|湖南省|长沙市|联通(原吉通)
3524035328|3524035583|湖南省|长沙市|联通(原吉通)
3524049408|3524049663|湖南省|长沙市|联通(原吉通)
3524053248|3524053503|湖南省|长沙市|联通(原吉通)
3549093888|3549094655|湖南省|长沙市|移通
3526044672|3526045695|湖南省|长沙市(中南大学)|教育网
3526086656|3526090751|湖南省|湘潭市(湖南科技大学)|教育网
3526643968|3526644479|湖南省|长沙市|广电网
3526702336|3526703615|湖南省|长沙市|联通
3544528896|3544530943|湖南省|长沙市(湖南省商务学校)|教育网
3544530944|3544532991|湖南省|常德市(桃源县第一中学)|教育网
3544532992|3544535039|湖南省|长沙市(湖南第一师范学院)|教育网
3544535040|3544539135|湖南省|长沙市(湖南商学院)|教育网
3544539136|3544541183|湖南省|郴州市(郴州师范高等专科学校)|教育网
3544541184|3544543231|湖南省|衡阳市(衡阳师范学院)|教育网
3544543232|3544545279|湖南省|娄底市(娄底学院)|教育网
3544567808|3544569855|湖南省|长沙市(长沙航空职业学院)|教育网
3544571904|3544575999|湖南省|岳阳市(湖南理工学院)|教育网
3544576000|3544580095|湖南省|衡阳市(南华大学)|教育网
3546011648|3546015743|湖南省|长沙市|联通
3546015744|3546016255|湖南省|衡阳市|联通
3546016256|3546016767|湖南省|株洲市|联通
3546016768|3546017279|湖南省|岳阳市|联通
3546017280|3546017791|湖南省|常德市|联通
3546017792|3546018047|湖南省|衡阳市|联通
3546018304|3546018559|湖南省|岳阳市|联通
3546019072|3546019327|湖南省|株洲市|联通
3546019328|3546019583|湖南省|岳阳市|联通
3546019584|3546019839|湖南省|常德市|联通
3546431232|3546431391|湖南省|常德市|铁通
3546431488|3546431999|湖南省|怀化市|铁通
3546434048|3546434063|湖南省|长沙市|铁通
3546434304|3546434366|湖南省|株洲市|铁通
3546457600|3546457855|湖南省|衡阳市|铁通
3546458944|3546459135|湖南省|娄底市|铁通
3524054272|3524054527|湖南省|长沙市|联通(原吉通)
1039268096|1039268607|湖南省|湘西州|联通
3549371904|3549372159|湖南省|长沙市|移通
3662405632|3662413823|湖南省|湘潭市|电信
3662501888|3662503935|湖南省|益阳市|电信
3662505984|3662512127|湖南省|长沙市|电信
3662499840|3662501887|湖南省|永州市|电信
3662413824|3662430207|湖南省|长沙市|电信
3662442496|3662446591|湖南省|怀化市|电信
3662430208|3662438399|湖南省|湘西州|电信
3662438400|3662442495|湖南省|张家界市|电信
3662450688|3662454783|湖南省|郴州市|电信
3662446592|3662450687|湖南省|娄底市|电信
3662454784|3662458623|湖南省|株洲市|电信
3662477312|3662479359|湖南省|永州市|电信
3662479360|3662483455|湖南省|怀化市|电信
3664286464|3664286719|湖南省|湘潭市|联通
3664286720|3664288767|湖南省|长沙市|联通
3546459136|3546459391|湖南省|怀化市|铁通
3549622272|3549622783|湖南省|长沙市|广电网
3662495488|3662495743|湖南省|长沙市|电信
3662488576|3662488831|湖南省|长沙市|电信
3662495744|3662499839|湖南省|衡阳市|电信
3544444928|3544449023|湖南省|耒阳市(教委)|教育网
3544442880|3544444927|湖南省|长沙市(湖南师范大学医学院)|教育网
3544436736|3544440831|湖南省|湘潭市(湖南科技大学南区)|教育网
3549356032|3549358591|湖南省|衡阳市|移通
3549359104|3549360895|湖南省|株洲市|移通
3526642176|3526642415|湖南省|长沙市|广电网
3670278144|3670279167|湖南省|永州市(永州零陵师范高等专科学校)|教育网
3670279168|3670280191|湖南省|株洲市(湖南铁道职业技术学院)|教育网
3670280192|3670282239|湖南省|衡阳市(湖南建材高等专科学校)|教育网
3670282240|3670284287|湖南省|长沙市(湖南经济管理干部学院)|教育网
3549372928|3549373183|湖南省|郴州市|移通
3549374208|3549375231|湖南省|娄底市|移通
3545618432|3545620479|湖南省|株洲市(株洲职业技术学院)|教育网
3545620480|3545621503|湖南省|岳阳市(第一中学)|教育网
3545621504|3545622527|湖南省|衡阳市(湖南环境生物职业技术学院)|教育网
3545622528|3545624575|湖南省|长沙市(湖南信息职业技术学院)|教育网
3545624576|3545626623|湖南省|长沙市(湖南工业职业技术学院)|教育网
3545626624|3545628671|湖南省|邵阳市(邵阳师范高等专科学校)|教育网
1039265792|1039266559|湖南省|娄底市|联通
1039266560|1039267327|湖南省|张家界市|联通
1039267328|1039267839|湖南省|怀化市|联通
1039268608|1039268863|湖南省|张家界市|联通
1039267840|1039268095|湖南省|靖州市|联通
1039269632|1039269887|湖南省|(联通路由器)|联通
1039268864|1039269631|湖南省|永州市|联通
3662489600|3662495487|湖南省|长沙市|电信
1033304832|1033306111|湖南省|娄底市|电信
1033303040|1033304831|湖南省|怀化市|电信
1033301760|1033303039|湖南省|邵阳市|电信
1033299968|1033301759|湖南省|永州市|电信
1033296896|1033299199|湖南省|郴州市|电信
1033293824|1033296895|湖南省|岳阳市|电信
1033291776|1033293823|湖南省|益阳市|电信
1033290752|1033291775|湖南省|湘潭市|电信
1033287680|1033290751|湖南省|衡阳市|电信
1033286656|1033287679|湖南省|常德市|电信
1033283584|1033286143|湖南省|株洲市|电信
1033282816|1033283583|湖南省|张家界市|电信
1033282304|1033282815|湖南省|衡阳市|电信
1033273344|1033282303|湖南省|长沙市|电信
3702062080|3702062847|湖南省|怀化市|电信
3549094656|3549094911|湖南省|衡阳市|移通
3550573568|3550574591|湖南省|长沙市|长城宽带
3524206080|3524206335|湖南省|长沙市|联通(原吉通)
3662475264|3662477311|湖南省|益阳市|电信
3702153216|3702161407|湖南省|永州市|电信
3662462976|3662472703|湖南省|邵阳市|电信
3662503936|3662505983|湖南省|娄底市|电信
3702030336|3702038527|湖南省|益阳市|电信
3702128640|3702136831|湖南省|湘潭市|电信
1032420608|1032421375|湖南省|长沙市|电信
1032420096|1032420607|湖南省|张家界市|电信
1032419584|1032420095|湖南省|永州市|电信
1032419072|1032419583|湖南省|娄底市|电信
1032418560|1032419071|湖南省|益阳市|电信
1032417536|1032418047|湖南省|湘西州|电信
1032417024|1032417535|湖南省|怀化市|电信
1032416256|1032417023|湖南省|衡阳市|电信
1032414976|1032415743|湖南省|邵阳市|电信
1032414208|1032414975|湖南省|岳阳市|电信
1032413440|1032413951|湖南省|株洲市|电信
1032410624|1032412927|湖南省|长沙市|电信
1032408576|1032408831|湖南省|湘西州|电信
1032407040|1032407295|湖南省|常德市|电信
1032405760|1032406271|湖南省|衡阳市|电信
1032405248|1032405759|湖南省|娄底市|电信
1032404992|1032405247|湖南省|怀化市|电信
1032403968|1032404991|湖南省|长沙市|电信
1032389376|1032391423|湖南省|长沙市|电信
3546018816|3546019071|湖南省|衡阳市|联通
1039262720|1039263487|湖南省|湘潭市|联通
3524235264|3524235519|湖南省|长沙市|联通(原吉通)
3702136832|3702145023|湖南省|株洲市|电信
3701997568|3702030335|湖南省|长沙市|电信
3546431040|3546431087|湖南省|株洲市|铁通
3546434432|3546434559|湖南省|株洲市|铁通
3546434367|3546434431|湖南省|衡阳市|铁通
3546434076|3546434303|湖南省|长沙市|铁通
1039198208|1039198463|湖南省|衡阳市|联通
1039198464|1039199231|湖南省|益阳市|联通
3550690560|3550690815|湖南省|长沙市|联通(原吉通)
3544545280|3544547327|湖南省|益阳市(益阳师范高等专科学校)|教育网
3702038528|3702046719|湖南省|岳阳市|电信
3546458880|3546458943|湖南省|株洲市|铁通
3546430976|3546431039|湖南省|长沙市|铁通
3702145024|3702148095|湖南省|衡阳市|电信
3702161408|3702165503|湖南省|郴州市|电信
3662487552|3662488575|湖南省|常德市|电信
3662488832|3662489599|湖南省|湘西州|电信
3524176384|3524177919|湖南省|长沙市|联通(原吉通)
3702185984|3702194175|湖南省|娄底市|电信
3670286336|3670288383|湖南省|邵阳市(邵阳卫生学校)|教育网
3670284288|3670286335|湖南省|衡阳市(湖南大学衡阳分校)|教育网
3670288384|3670290431|湖南省|长沙市(长沙理工学院)|教育网
3670290432|3670292479|湖南省|株洲市(株洲师范高等专科学校)|教育网
3549624064|3549624319|湖南省|常德市|广电网
3549624000|3549624063|湖南省|益阳市|广电网
3549623936|3549623999|湖南省|永州市|广电网
3549623808|3549623935|湖南省|邵阳市|广电网
3549623552|3549623807|湖南省|张家界市|广电网
3549623296|3549623551|湖南省|湘潭市|广电网
3549623040|3549623295|湖南省|岳阳市|广电网
3549622784|3549623039|湖南省|株洲市|广电网
3549362176|3549364223|湖南省|岳阳市|移通
3524029952|3524030975|湖南省|长沙市|联通(原吉通)
3664286208|3664286463|湖南省|长沙市|联通
3664285696|3664286207|湖南省|岳阳市|联通
3549364480|3549366015|湖南省|岳阳市|移通
3703609344|3703611391|湖南省|长沙市(全省共用出口)|联通CDMA
1035718400|1035722751|湖南省|衡阳市|电信
1038807296|1038807551|湖南省|永州市|铁通
1032398848|1032399615|湖南省|郴州市|电信
1032398080|1032398591|湖南省|湘西州|电信
1032391424|1032392447|湖南省|株洲市|电信
1038895872|1038896127|湖南省|株洲市|铁通
1038810624|1038810879|湖南省|长沙市|铁通
1038974976|1038975487|湖南省|郴州市|铁通
1038893824|1038894079|湖南省|株洲市|铁通
1038894080|1038894335|湖南省|衡阳市|铁通
1038894336|1038894591|湖南省|郴州市|铁通
1038894592|1038894847|湖南省|常德市|铁通
1038894848|1038895103|湖南省|益阳市|铁通
1038895104|1038895359|湖南省|湘潭市|铁通
1035712768|1035716863|湖南省|郴州市|电信
1038806528|1038806783|湖南省|郴州市|铁通
1035624751|1035624959|湖南省|长沙市|电信
1035624738|1035624750|湖南省|长沙市(湖南信息学院望城校区)|电信
1038893056|1038893311|湖南省|娄底市|铁通
1038810444|1038810623|湖南省|娄底市|铁通
1038810436|1038810443|湖南省|怀化市|铁通
1038810428|1038810435|湖南省|株洲市|铁通
1038806784|1038807295|湖南省|邵阳市|铁通
1038975488|1038975743|湖南省|娄底市|铁通
1038652416|1038652543|湖南省|怀化市|铁通
1032418304|1032418559|湖南省|郴州市|电信
3549360896|3549362175|湖南省|湘潭市|移通
3546018048|3546018303|湖南省|株洲市|联通
3524124672|3524128767|湖南省|长沙市|联通(原吉通)
1038978048|1038978559|湖南省|益阳市|铁通
3702102016|3702112255|湖南省|岳阳市|电信
3702177792|3702185983|湖南省|邵阳市|电信
3524669440|3524669951|湖南省|长沙市|联通
1035724800|1035725055|湖南省|娄底市|电信
1038896128|1038896159|湖南省|邵阳市|铁通
994508800|994516991|湖南省|湘潭市(河南工程学院)|教育网
2095579136|2095644671|湖南省|长沙市(电信机房)|电信
3524669952|3524670207|湖南省|衡阳市|联通
3662389248|3662397439|湖南省|岳阳市|电信
1848116992|1848117247|湖南省|长沙市|中信网络
3662381056|3662389247|湖南省|常德市|电信
1038978816|1038979071|湖南省|常德市|铁通
3740647424|3740659711|湖南省|怀化市|电信
3702112256|3702116351|湖南省|张家界市|电信
3727905792|3727906303|湖南省|张家界市|铁通
3727902720|3727902975|湖南省|岳阳市|铁通
2049987584|2049988607|湖南省|常德市|中信网络
2049989632|2049990655|湖南省|湘西州|中信网络
3740352512|3740368895|湖南省|益阳市|电信
1038810976|1038811007|湖南省|永州市|铁通
3740270592|3740794879|湖南省|\N|电信
1038978560|1038978815|湖南省|株洲市|铁通
3549367040|3549367551|湖南省|湘潭市|移通
3740336128|3740342271|湖南省|常德市|电信
3727947776|3727949823|湖南省|长沙市|铁通
2050018560|2050018815|湖南省|张家界市|中信网络
3740434432|3740450815|湖南省|郴州市|电信
994523136|994524159|湖南省|益阳市(湖南城市学院)|教育网
1032388608|1032389375|湖南省|长沙市(电信骨干网)|电信
3411923312|3411923327|湖南省|湘潭市|联通
3740342272|3740343295|湖南省|常德市(澧县)|电信
3740343296|3740352511|湖南省|常德市|电信
3728384000|3728391167|湖南省|岳阳市|铁通
3524056576|3524056831|湖南省|长沙市|联通(原吉通)
976158720|976191487|湖南省|常德市|电信
3524670976|3524671231|湖南省|岳阳市|联通
2682427392|2682427519|湖南省|长沙市(中科院长沙农业现代化所)|中科网
2682427520|2682427647|湖南省|长沙市(中科院长沙大地研究所)|中科网
1035665408|1035730943|湖南省|\N|电信
3701997568|3702194175|湖南省|\N|电信
3662381056|3662512127|湖南省|\N|电信
3395764224|3395780607|湖南省|\N|电信
1033273344|1033306111|湖南省|\N|电信
3546011648|3546019839|湖南省|\N|联通
3401914368|3401916415|湖南省|邵阳市(邵阳高等专科学校)|教育网
3401928704|3401932799|湖南省|长沙市(中南大学湘雅校区)|教育网
3401932800|3401936895|湖南省|长沙市(湖南大学)|教育网
1032388608|1032421375|湖南省|\N|电信
3526012928|3526017023|湖南省|长沙市(湖南中医学院)|教育网
3526017024|3526021119|湖南省|长沙市(湖南省电大)|教育网
3526043648|3526044671|湖南省|长沙市(湖南省招生办公室)|教育网
3526045696|3526049791|湖南省|长沙市(湖南财经学院)|教育网
3526049792|3526053887|湖南省|湘西州(吉首市)(吉首大学)|教育网
3526053888|3526057983|湖南省|常德市(常德师范高等专科学校)|教育网
3526057984|3526062079|湖南省|长沙市(湖南计算机高等专科学校)|教育网
3526062080|3526066175|湖南省|衡阳市(南华大学)|教育网
3526071296|3526072319|湖南省|湘潭市(湖南工业学校)|教育网
3526072320|3526074367|湖南省|长沙市(湖南交通学校)|教育网
3526074368|3526078463|湖南省|怀化市(怀化学院)|教育网
3526078464|3526082559|湖南省|长沙市(长沙电力学院)|教育网
3526082560|3526086655|湖南省|长沙市(长沙交通学院)|教育网
3526090752|3526094847|湖南省|长沙市(湖南农业大学)|教育网
3526094848|3526096895|湖南省|株洲市(中南林业科技大学株洲校区)|教育网
3526096896|3526098943|湖南省|株洲市(湖南工业大学)|教育网
3544526848|3544528895|湖南省|长沙市(湖南教育委员会)|教育网
1038803968|1038811135|湖南省|\N|铁通
1039261696|1039269887|湖南省|\N|联通
3549368320|3549369343|湖南省|益阳市|移通
3549364224|3549376511|湖南省|\N|移通
3550573568|3550574591|湖南省|\N|长城宽带
3704274944|3704276991|湖南省|湘潭市|联通
3670294528|3670310911|湖南省|长沙市(中南大学)|教育网
3662397440|3662405631|湖南省|株洲市|电信
1038652544|1038652671|湖南省|湘潭市|铁通
3702120448|3702128639|湖南省|衡阳市|电信
3549093888|3549097983|湖南省|\N|移通
994525184|994533375|湖南省|长沙市(湖南大学)|教育网
975962112|975994879|湖南省|岳阳市|电信
3702095872|3702102015|湖南省|湘西州|电信
3549351936|3549364223|湖南省|\N|移通
3526640960|3526641023|湖南省|长沙市|广电网
3526641408|3526641423|湖南省|长沙市|广电网
3526641728|3526641855|湖南省|长沙市|广电网
1039198208|1039200255|湖南省|\N|联通
1038975744|1038976511|湖南省|怀化市|铁通
1038948512|1038948543|湖南省|株洲市|铁通
1999089664|1999091711|湖南省|湘潭市|联通
3704250368|3704291327|湖南省|\N|联通
3704288256|3704288767|湖南省|张家界市|联通
3704288768|3704289279|湖南省|湘西州|联通
3704289280|3704290047|湖南省|永州市|联通
3704287744|3704288255|湖南省|娄底市|联通
3704287232|3704287743|湖南省|郴州市|联通
3704266752|3704268287|湖南省|衡阳市|联通
3704250368|3704255743|湖南省|长沙市|联通
3702050816|3702059007|湖南省|常德市|电信
1038651648|1038651903|湖南省|郴州市|铁通
3524670208|3524670463|湖南省|长沙市|联通
1038948480|1038948511|湖南省|常德市|铁通
3524673280|3524673535|湖南省|长沙市|联通
3524673152|3524673279|湖南省|常德市|联通
3704272896|3704274943|湖南省|常德市|联通
1038976768|1038978047|湖南省|长沙市|铁通
3702169600|3702177791|湖南省|株洲市|电信
3727906816|3727910911|湖南省|永州市|铁通
3727898624|3727900671|湖南省|娄底市|铁通
3702046720|3702050815|湖南省|张家界市|电信
3727900672|3727902719|湖南省|常德市|铁通
3727891968|3727892479|湖南省|岳阳市|铁通
3524673040|3524673087|湖南省|常德市|联通
3704258560|3704266751|湖南省|长沙市|联通
3549352704|3549352959|湖南省|衡阳市|移通
3707281408|3707283199|湖南省|长沙市|联通
3704279040|3704281087|湖南省|邵阳市|联通
3727892480|3727896575|湖南省|长沙市|铁通
3702063104|3702079487|湖南省|长沙市|电信
3549369600|3549370623|湖南省|湘西州|移通
1038896640|1038897151|湖南省|衡阳市|铁通
3546434560|3546434815|湖南省|长沙市|铁通
1038896160|1038896383|湖南省|怀化市|铁通
3702165504|3702169599|湖南省|益阳市|电信
3526682880|3526683135|湖南省|长沙市|联通
1038948544|1038948575|湖南省|常德市|铁通
1038948448|1038948479|湖南省|郴州市|铁通
1038948416|1038948447|湖南省|衡阳市|铁通
1038948384|1038948415|湖南省|岳阳市|铁通
3727903744|3727905791|湖南省|长沙市|铁通
3727884288|3727891455|湖南省|长沙市|铁通
1038810944|1038810975|湖南省|邵阳市|铁通
3727891712|3727891727|湖南省|株洲市|铁通
3740401664|3740418047|湖南省|湘西州|电信
3740368896|3740385279|湖南省|衡阳市|电信
3740270592|3740336127|湖南省|长沙市|电信
3395764224|3395764255|湖南省|长沙市(五一路城市网吧)|电信
3740385280|3740401663|湖南省|株洲市|电信
3740418048|3740434431|湖南省|娄底市|电信
3395764608|3395766783|湖南省|长沙市|电信
3395764480|3395764607|湖南省|长沙市(EDI中心)|电信
3395780352|3395780479|湖南省|株洲市|电信
3690198016|3690198271|湖南省|长沙市(教育网骨干节点)|教育网
3662462464|3662462975|湖南省|常德市|电信
3662461952|3662462463|湖南省|常德市(澧县)|电信
3524024064|3524024575|湖南省|长沙市(湖南科技厅)|联通(原吉通)
3411923344|3411923359|湖南省|邵阳市|联通
3411923328|3411923343|湖南省|娄底市|联通
3411923360|3411923391|湖南省|湘潭市|联通
3411923024|3411923039|湖南省|长沙市|联通
3702148608|3702153215|湖南省|衡阳市|电信
3702148096|3702148607|湖南省|衡阳市(衡阳湖南环境生物学院)|电信
3740450816|3740467199|湖南省|岳阳市|电信
3740467200|3740477439|湖南省|怀化市|电信
1035728384|1035730687|湖南省|郴州市|电信
1038945888|1038945919|湖南省|怀化市|铁通
3740483584|3740495871|湖南省|邵阳市|电信
1038948352|1038948383|湖南省|娄底市|铁通
3740516352|3740532735|湖南省|永州市|电信
3662472704|3662475263|湖南省|邵阳市(邵东县)|电信
3678986240|3678987519|湖南省|长沙市|中信网络
3726041088|3726049279|湖南省|长沙市(中南林业科技大学)|教育网
3707288576|3707289599|湖南省|怀化市|联通
3727939584|3727941631|湖南省|怀化市|铁通
3727896576|3727898623|湖南省|衡阳市|铁通
1038803968|1038804479|湖南省|娄底市|铁通
3727942656|3727945727|湖南省|湘西州|铁通
3727921152|3727925247|湖南省|湘潭市|铁通
3727917056|3727921151|湖南省|邵阳市|铁通
3727891904|3727891919|湖南省|益阳市|铁通
3727929344|3727933439|湖南省|益阳市|铁通
3704281088|3704283135|湖南省|怀化市|联通
1038960896|1038960903|湖南省|(铁通路由器)|铁通
3727933440|3727939583|湖南省|怀化市|铁通
1038893568|1038893823|湖南省|娄底市|铁通
1038893312|1038893567|湖南省|怀化市|铁通
3727910912|3727917055|湖南省|娄底市|铁通
3704349184|3704349439|湖南省|长沙市|联通
3549352960|3549356031|湖南省|长沙市|移通
3740663808|3740696575|湖南省|常德市|电信
3546018560|3546018815|湖南省|常德市|联通
3549373696|3549374207|湖南省|郴州市|移通
3549375488|3549376511|湖南省|张家界市|移通
3707284416|3707284479|湖南省|邵阳市|联通
3727945728|3727947775|湖南省|益阳市|铁通
3740729344|3740794879|湖南省|长沙市|电信
3740499968|3740513279|湖南省|湘潭市|电信
3707286528|3707287551|湖南省|长沙市|联通
3664288768|3664289791|湖南省|张家界市|联通
3549352192|3549352703|湖南省|长沙市|移通
3395359744|3395359871|湖南省|(电信路由器)|电信
3662483968|3662487551|湖南省|怀化市|电信
3662483456|3662483967|湖南省|怀化市(麻阳县)|电信
3524671232|3524672447|湖南省|长沙市|联通
3549366784|3549367039|湖南省|邵阳市|移通
3549367552|3549368319|湖南省|邵阳市|移通
974389248|974454783|湖南省|\N|联通
975962112|976224255|湖南省|\N|电信
993198080|993230847|湖南省|\N|电信
3549364224|3549364479|湖南省|常德市|移通
1038895360|1038895615|湖南省|湘西州|铁通
3727902976|3727903743|湖南省|常德市|铁通
3740598272|3740614655|湖南省|株洲市|电信
1038807552|1038808063|湖南省|株洲市|铁通
3678955520|3678957567|湖南省|长沙市(全省共用出口)|中信网络
974389248|974423039|湖南省|长沙市|联通
3727891600|3727891623|湖南省|怀化市|铁通
974422016|974430207|湖南省|岳阳市|联通
3740614656|3740631039|湖南省|邵阳市|电信
3740631040|3740647423|湖南省|张家界市|电信
974438400|974446591|湖南省|株洲市|联通
3678945792|3678946047|湖南省|长沙市|中信网络
3727906304|3727906815|湖南省|常德市|铁通
3704276992|3704278527|湖南省|益阳市|联通
3704609792|3704611839|湖南省|长沙市(全省共用出口)|联通CDMA
1996193792|1996226559|湖南省|湘潭市|电信
974430208|974438399|湖南省|衡阳市|联通
3727891456|3727891487|湖南省|长沙市|铁通
1038944000|1038944063|湖南省|(铁通路由器)|铁通
3727891520|3727891535|湖南省|株洲市|铁通
3728375808|3728383999|湖南省|株洲市|铁通
3728375808|3728408575|湖南省|\N|铁通
3728400384|3728408575|湖南省|衡阳市|铁通
993198080|993230847|湖南省|衡阳市|电信
3727941632|3727942655|湖南省|邵阳市|铁通
1025372160|1025376255|湖南省|长沙市|铁通
974446592|974450687|湖南省|湘潭市|联通
2090041344|2090057727|湖南省|长沙市|铁通
2068164608|2068168703|湖南省|永州市|铁通
3728392192|3728399359|湖南省|益阳市|铁通
3704467456|3704469503|湖南省|长沙市(全省共用出口)|联通CDMA
976027648|976060415|湖南省|株洲市|电信
986675200|986677247|湖南省|(教育网直通车)|教育网
986707968|986710015|湖南省|(教育网直通车)|教育网
2095316992|2095710207|湖南省|\N|电信
3740712960|3740729343|湖南省|郴州市|电信
976093184|976125951|湖南省|娄底市|电信
976125952|976158719|湖南省|怀化市|电信
2049966080|2049998847|湖南省|\N|中信网络
976191488|976207871|湖南省|益阳市|电信
974452736|974454783|湖南省|郴州市|联通
1038960832|1038960895|湖南省|(铁通路由器)|铁通
3740696576|3740700671|湖南省|长沙市|电信
3678989312|3678990335|湖南省|长沙市|中信网络
3678989184|3678989311|湖南省|永州市|中信网络
1038895616|1038895871|湖南省|张家界市|铁通
976060416|976093183|湖南省|湘潭市|电信
2095316992|2095382527|湖南省|衡阳市|电信
1858928640|1858994175|湖南省|\N|铁通
2033098752|2033106943|湖南省|怀化市|铁通
2033438720|2033442815|湖南省|株洲市|铁通
2033435648|2033436671|湖南省|衡阳市|铁通
2033442816|2033451007|湖南省|长沙市|铁通
2111676416|2111684607|湖南省|长沙市(湖南大学)|教育网
2111700480|2111700991|湖南省|长沙市(湖南商务职业技术学院)|教育网
2111699968|2111700479|湖南省|长沙市(湖南女子职业大学)|教育网
2111699456|2111699967|湖南省|长沙市(湖南科技职业学院)|教育网
2111698944|2111699455|湖南省|怀化市(怀化职业技术学院)|教育网
2111698432|2111698943|湖南省|长沙市(湖南对外经济贸易职业学院)|教育网
2111697920|2111698431|湖南省|长沙市(湖南涉外经济学院)|教育网
2111697408|2111697919|湖南省|长沙市(长沙环境保护职业技术学院)|教育网
2111696896|2111697407|湖南省|张家界市(张家界航空工业职业技术学院)|教育网
2111692800|2111696895|湖南省|湘潭市(湖南科技大学)|教育网
2111668224|2111700991|湖南省|\N|教育网
2111692288|2111692799|湖南省|长沙市(湖南工程职业技术学院)|教育网
2111691776|2111692287|湖南省|长沙市(长沙师范专科学校)|教育网
2111691264|2111691775|湖南省|长沙市(湖南司法警官职业学院)|教育网
2111690752|2111691263|湖南省|娄底市(潇湘职业学院)|教育网
1038943116|1038943123|湖南省|(铁通路由器)|铁通
3395365580|3395365591|湖南省|长沙市(电信骨干网)|电信
3707283456|3707283711|湖南省|长沙市|联通
3707283200|3707283455|湖南省|常德市|联通
1035682048|1035685375|湖南省|长沙市|电信
1035681792|1035682047|湖南省|长沙市(电信河西麓谷机房)|电信IDC
1035669760|1035681791|湖南省|长沙市|电信
1035669504|1035669759|湖南省|长沙市(电信河西麓谷机房)|电信IDC
2095448064|2095480831|湖南省|邵阳市|电信
994541056|994541567|湖南省|长沙市(湖南公安高等专科学校)|教育网
994533376|994533887|湖南省|长沙市(湖南财经高等专科学校)|教育网
994516992|994521087|湖南省|湘西州(吉首市)(吉首大学)|教育网
994521088|994522111|湖南省|永州市(湖南科技学院)|教育网
994522112|994523135|湖南省|株洲市(湖南中医药高等专科学校)|教育网
994524160|994524671|湖南省|衡阳市(湖南交通工程职业技术学院)|教育网
994524672|994525183|湖南省|娄底市(湖南人文科技学院)|教育网
994533888|994534399|湖南省|常德市(常德职业技术学院)|教育网
994534400|994534911|湖南省|长沙市(湖南水利水电职业技术学院)|教育网
994534912|994535423|湖南省|长沙市(长沙通信职业技术学院)|教育网
994535424|994535935|湖南省|长沙市(长沙商贸旅游职业技术学院)|教育网
994535936|994536447|湖南省|岳阳市(岳阳职业技术学院)|教育网
994536448|994536959|湖南省|怀化市(怀化医学高等专科学校)|教育网
994536960|994537471|湖南省|岳阳市(湖南民族职业学院)|教育网
994537472|994537983|湖南省|永州市(湖南九嶷职业技术学院)|教育网
994537984|994538495|湖南省|长沙市(湖南机电职业技术学院)|教育网
994538496|994539007|湖南省|长沙市(长沙医学院)|教育网
994539008|994539519|湖南省|长沙市(湖南大众传媒职业技术学院)|教育网
994539520|994540031|湖南省|长沙市(湖南生物机电职业技术学院)|教育网
994540032|994540543|湖南省|郴州市(郴州职业技术学院)|教育网
994540544|994541055|湖南省|娄底市(娄底职业技术学院)|教育网
2095415296|2095448063|湖南省|永州市|电信
3678965760|3678967807|湖南省|长沙市(全省共用出口)|中信网络
3524670464|3524670975|湖南省|湘西州|联通
1000062976|1000079359|湖南省|长沙市(南昌电信出口)|铁通
2033436672|2033437695|湖南省|湘西州|铁通
1038959532|1038959535|湖南省|(铁通路由器)|铁通
1038959524|1038959527|湖南省|(铁通路由器)|铁通
2033437696|2033438719|湖南省|湘潭市|铁通
1038960812|1038960815|湖南省|(铁通路由器)|铁通
1038958988|1038958991|湖南省|(铁通路由器)|铁通
3678987648|3678989183|湖南省|长沙市|中信网络
3678987520|3678987647|湖南省|株洲市|中信网络
2049988608|2049989631|湖南省|永州市|中信网络
993447936|993452031|湖南省|长沙市|铁通
1038960908|1038960911|湖南省|(铁通路由器)|铁通
1038958984|1038958987|湖南省|长沙市(铁通骨干节点)|铁通
1038961356|1038961359|湖南省|(铁通路由器)|铁通
3728399360|3728400383|湖南省|湘潭市|铁通
2068054016|2068119551|湖南省|\N|铁通
3707284352|3707284415|湖南省|长沙市|联通
3707284224|3707284351|湖南省|邵阳市|联通
1038971284|1038971291|湖南省|(铁通路由器)|铁通
1960345600|1960348671|湖南省|长沙市(全省共用出口)|环球网络
2111684608|2111690751|湖南省|长沙市(湖南省第一师范学校)|教育网
2095513600|2095546367|湖南省|郴州市|电信
1959232768|1959233279|湖南省|长沙市|中信网络
1959233280|1959234303|湖南省|长沙市|联通
1959231488|1959231999|湖南省|长沙市|联通
2034696192|2034728959|湖南省|长沙市|铁通
3704256000|3704256511|湖南省|长沙市|联通
3704255744|3704255999|湖南省|长沙市(全省共用出口)|联通CDMA
3395364912|3395364915|湖南省|长沙市(电信骨干网)|电信
1960353792|1960361983|湖南省|长沙市(全省共用出口)|环球网络
1960348672|1960353791|湖南省|娄底市|铁通
2080196096|2080196351|湖南省|郴州市|中信网络
2095382528|2095415295|湖南省|岳阳市|电信
2068111360|2068119551|湖南省|株洲市|铁通
2060390400|2060402687|湖南省|长沙市(湖南大学)|教育网
3411923008|3411923023|湖南省|岳阳市|联通
1999085568|1999086591|湖南省|娄底市|联通
2047729664|2047737855|湖南省|衡阳市|铁通
1038950344|1038950347|湖南省|(铁通路由器)|铁通
1995374592|1995440127|湖南省|\N|电信
1995964416|1996488703|湖南省|\N|电信
2111668224|2111676415|湖南省|邵阳市(邵阳学院)|教育网
2047680512|2047688703|湖南省|长沙市(省内共用出口)|铁通
2080197632|2080197887|湖南省|长沙市(全省共用出口)|铁通
1999044608|1999110143|湖南省|\N|联通
2095644672|2095652863|湖南省|长沙市|电信
3524673024|3524673039|湖南省|永州市|联通
2017476608|2017484799|湖南省|常德市|铁通
2067488768|2067496959|湖南省|长沙市|铁通
3707284480|3707286271|湖南省|长沙市|联通
3707283968|3707284223|湖南省|长沙市|联通
3707283712|3707283967|湖南省|邵阳市|联通
3704268288|3704270847|湖南省|长沙市|联通
2095546368|2095579135|湖南省|娄底市|电信
2050179072|2050203647|湖南省|长沙市|铁通
1995964416|1996029951|湖南省|邵阳市|电信
2068174848|2068185087|湖南省|怀化市|铁通
2067283968|2067284223|湖南省|长沙市(全省共用出口)|联通
1999081472|1999083519|湖南省|湘潭市|联通
1999044608|1999077375|湖南省|长沙市|联通
1996029952|1996095487|湖南省|长沙市|电信
2068144128|2068152319|湖南省|常德市|铁通
1999108096|1999110143|湖南省|长沙市|联通
2068169728|2068174847|湖南省|娄底市|铁通
2050023424|2050031615|湖南省|长沙市|中信网络
2017590272|2017590527|湖南省|长沙市|铁通
1999102976|1999103999|湖南省|永州市|联通
1999077376|1999081471|湖南省|株洲市|联通
3707287552|3707288575|湖南省|常德市|联通
1038971888|1038971891|湖南省|(铁通路由器)|铁通
2050020352|2050020863|湖南省|常德市|中信网络
2050020864|2050021375|湖南省|岳阳市|中信网络
2050019328|2050019839|湖南省|邵阳市|中信网络
2050019840|2050020351|湖南省|株洲市|中信网络
1996226560|1996242943|湖南省|益阳市|电信
2050021376|2050021887|湖南省|郴州市|中信网络
1999086592|1999087615|湖南省|永州市|联通
2050022400|2050023423|湖南省|怀化市|中信网络
1999087616|1999089663|湖南省|郴州市|联通
2050021888|2050022399|湖南省|娄底市|中信网络
1999083520|1999085567|湖南省|邵阳市|联通
3707286272|3707286527|湖南省|娄底市|联通
3411923296|3411923311|湖南省|常德市|联通
3411923200|3411923279|湖南省|株洲市|联通
3411923280|3411923295|湖南省|益阳市|联通
3411923456|3411927039|湖南省|长沙市|联通
3411923392|3411923455|湖南省|衡阳市|联通
3411922944|3411922951|湖南省|郴州市|联通
3411922952|3411923007|湖南省|株洲市|联通
3411923040|3411923055|湖南省|衡阳市|联通
3411923056|3411923071|湖南省|郴州市|联通
3411923072|3411923199|湖南省|衡阳市|联通
1996161024|1996193791|湖南省|株洲市|电信
1996292096|1996324863|湖南省|怀化市|电信
1911848960|1911881727|湖南省|岳阳市|电信
1038971576|1038971579|湖南省|(铁通路由器)|铁通
1987985408|1988001791|湖南省|株洲市|铁通
1999093760|1999095807|湖南省|益阳市|联通
707907584|707911679|湖南省|益阳市|联通
3549096960|3549097983|湖南省|长沙市|移通
3549095936|3549096959|湖南省|邵阳市|移通
3395364988|3395364991|湖南省|(电信骨干网)|电信
2047426560|2047430655|湖南省|长沙市|铁通
2068159488|2068164607|湖南省|邵阳市|铁通
1038942248|1038942251|湖南省|长沙市(铁通骨干网)|铁通
1999092224|1999092735|湖南省|邵阳市|联通
1996095488|1996161023|湖南省|长沙市|电信
1997062144|1997078527|湖南省|长沙市|铁通
1999091712|1999092223|湖南省|怀化市|联通
1996390400|1996423167|湖南省|衡阳市|电信
2068105216|2068111359|湖南省|郴州市|铁通
2068135936|2068144127|湖南省|岳阳市|铁通
1038959412|1038959415|湖南省|(铁通骨干网)|铁通
1910112256|1910505471|湖南省|\N|电信
1911554048|1912078335|湖南省|\N|电信
1996357632|1996390399|湖南省|张家界市|电信
1999104000|1999107071|湖南省|岳阳市|联通
1038971868|1038971871|湖南省|(铁通路由器)|铁通
1996423168|1996488703|湖南省|长沙市|电信
1999092736|1999093759|湖南省|张家界市|联通
2068119552|2068131839|湖南省|湘潭市|铁通
1999095808|1999101951|湖南省|株洲市|联通
1038971488|1038971491|湖南省|长沙市(铁通骨干网)|铁通
1848901632|1849032703|湖南省|\N|联通
1848918016|1848923135|湖南省|郴州市|联通
1995374592|1995415551|湖南省|常德市|电信
1997017088|1997029375|湖南省|衡阳市|铁通
1038972712|1038972715|湖南省|长沙市(铁通骨干节点)|铁通
1971853312|1971853567|湖南省|长沙市(全省移动cmnet共用出口)|移通
2068119552|2068185087|湖南省|\N|铁通
1848901632|1848904703|湖南省|常德市|联通
1848930304|1848934399|湖南省|湘潭市|联通
3524672512|3524673023|湖南省|长沙市|联通
3524672448|3524672511|湖南省|永州市|联通
1848944640|1848950783|湖南省|永州市|联通
2049974272|2049981439|湖南省|长沙市|中信网络
2049987328|2049987583|湖南省|长沙市|中信网络
2049987072|2049987327|湖南省|怀化市|中信网络
2068152320|2068159487|湖南省|衡阳市|铁通
1848905728|1848909823|湖南省|益阳市|联通
2049971200|2049971967|湖南省|益阳市|中信网络
2049996800|2049997055|湖南省|长沙市|中信网络
1848904704|1848905727|湖南省|张家界市|联通
1999107072|1999108095|湖南省|娄底市|联通
2049970432|2049970943|湖南省|湘西州|中信网络
2016163840|2016165375|湖南省|衡阳市|中信网络
2049971968|2049972223|湖南省|株洲市|中信网络
3395366616|3395366619|湖南省|长沙市(电信骨干网)|电信
2049981696|2049981951|湖南省|娄底市|中信网络
1911816192|1911836671|湖南省|永州市|电信
1038971616|1038971619|湖南省|(铁通骨干网)|铁通
2068131840|2068135935|湖南省|益阳市|铁通
1038971884|1038971887|湖南省|(铁通骨干网)|铁通
2068054016|2068104191|湖南省|长沙市|铁通
1038971312|1038971315|湖南省|(铁通骨干网)|铁通
2019356672|2019357183|湖南省|长沙市(全省共用出口)|广电网
1911554048|1911619583|湖南省|长沙市|电信
3395366432|3395366435|湖南省|长沙市(电信骨干节点)|电信
3395366568|3395366571|湖南省|长沙市(电信骨干节点)|电信
2069151744|2069168127|湖南省|长沙市|铁通
2069102592|2069168127|湖南省|\N|铁通
1038971896|1038971899|湖南省|(铁通骨干节点)|铁通
1911619584|1911635967|湖南省|湘西州|电信
1911750656|1911783423|湖南省|郴州市|电信
1848958976|1848967167|湖南省|岳阳市|联通
2016161792|2016163839|湖南省|长沙市|中信网络
2069145600|2069151743|湖南省|湘潭市|铁通
1848928256|1848929279|湖南省|郴州市|联通
1038971980|1038971983|湖南省|长沙市(铁通骨干网)|铁通
2069139456|2069142527|湖南省|怀化市|铁通
1038973336|1038973339|湖南省|长沙市(铁通骨干节点)|铁通
3546431136|3546431231|湖南省|株洲市|铁通
3546431128|3546431135|湖南省|永州市|铁通
1862795264|1862860799|湖南省|\N|移通
1849008128|1849032703|湖南省|长沙市|联通
3546431120|3546431127|湖南省|益阳市|铁通
1858928640|1858947071|湖南省|常德市|铁通
1848967168|1848971263|湖南省|娄底市|联通
2936012800|2937061375|湖南省|\N|电信
1848934400|1848942591|湖南省|衡阳市|联通
1848942592|1848944639|湖南省|怀化市|联通
1911881728|1911914495|湖南省|株洲市|电信
1848950784|1848958975|湖南省|长沙市|联通
1848977408|1848979455|湖南省|永州市|联通
1858863104|1858928639|湖南省|\N|铁通
1858895872|1858912255|湖南省|湘潭市|铁通
1862815232|1862815743|湖南省|长沙市|移通
1848929280|1848930303|湖南省|张家界市|联通
1858994176|1859059711|湖南省|\N|铁通
1859035136|1859037183|湖南省|永州市|铁通
2049973248|2049973759|湖南省|邵阳市|中信网络
3395367404|3395367415|湖南省|长沙市(电信骨干网)|电信
3395366780|3395366787|湖南省|长沙市(电信骨干节点)|电信
3549366016|3549366271|湖南省|湘潭市|移通
3395366420|3395366423|湖南省|长沙市(电信骨干节点)|电信
1848923136|1848928255|湖南省|邵阳市|联通
1999101952|1999102719|湖南省|湘西州|联通
1999102720|1999102975|湖南省|衡阳市|联通
1862838272|1862841343|湖南省|邵阳市|移通
1848973312|1848975359|湖南省|常德市|联通
3740704768|3740712959|湖南省|衡阳市|电信
3549372416|3549372927|湖南省|怀化市|移通
3395365488|3395365495|湖南省|长沙市(电信骨干节点)|电信
3546431104|3546431119|湖南省|株洲市|铁通
3546431096|3546431103|湖南省|衡阳市|铁通
1858994176|1859002367|湖南省|衡阳市|铁通
1859043328|1859049471|湖南省|益阳市|铁通
2049982208|2049982463|湖南省|长沙市|中信网络
2060402688|2060419071|湖南省|长沙市(中南大学长沙校区)|教育网
2060386304|2060386815|湖南省|长沙市(长沙市第一中学)|教育网
2060386816|2060387071|湖南省|长沙市(湖南华辰信息技术有限公司)|教育网
1910243328|1910276095|湖南省|张家界市|电信
1848909824|1848918015|湖南省|株洲市|联通
1848999936|1849006079|湖南省|湘潭市|联通
3684569040|3684569043|湖南省|长沙市(联通骨干网)|联通
1848971264|1848973311|湖南省|怀化市|联通
2016165376|2016165887|湖南省|郴州市|中信网络
1911947264|1912012799|湖南省|长沙市|电信
1858797568|1858863103|湖南省|\N|铁通
1858797568|1858822143|湖南省|长沙市|铁通
1858863104|1858879487|湖南省|株洲市|铁通
1038973296|1038973299|湖南省|长沙市(铁通骨干节点)|铁通
2049973760|2049974015|湖南省|岳阳市|中信网络
3684569604|3684569607|湖南省|长沙市(联通骨干节点)|联通
3684569028|3684569031|湖南省|长沙市(联通骨干节点)|联通
1848983552|1848991743|湖南省|衡阳市|联通
2069133312|2069139455|湖南省|岳阳市|铁通
3548907320|3548907323|湖南省|长沙市(移通骨干节点)|移通
1939718144|1939726335|湖南省|长沙市(湖南大学)|教育网
1939730432|1939734527|湖南省|长沙市(湖南大学)|教育网
3684569596|3684569599|湖南省|长沙市(联通骨干网)|联通
3684567256|3684567259|湖南省|长沙市(联通骨干节点)|联通
1848975360|1848977407|湖南省|湘西州|联通
2017591040|2017591295|湖南省|长沙市(全省共用出口)|广电网
1862815744|1862817791|湖南省|湘潭市|移通
1849006080|1849008127|湖南省|永州市|联通
3546431424|3546431487|湖南省|常德市|铁通
3546431400|3546431423|湖南省|益阳市|铁通
3740495872|3740499967|湖南省|衡阳市|电信
1848979456|1848982527|湖南省|张家界市|联通
3750756352|3751804927|湖南省|\N|电信
1912012800|1912078335|湖南省|长沙市|电信
3395368996|3395368999|湖南省|长沙市(电信骨干节点)|电信
3740662784|3740663807|湖南省|岳阳市|电信
1859031040|1859035135|湖南省|张家界市|铁通
1862803456|1862804479|湖南省|长沙市|移通
1862852608|1862853119|湖南省|怀化市|移通
1859018752|1859026943|湖南省|邵阳市|铁通
1039199232|1039200255|湖南省|邵阳市|联通
1038973644|1038973647|湖南省|长沙市(铁通骨干节点)|铁通
1862849024|1862849535|湖南省|张家界市|移通
1848982528|1848983551|湖南省|邵阳市|联通
2049970944|2049971199|湖南省|郴州市|中信网络
1848997888|1848998911|湖南省|株洲市|联通
2936078336|2936086527|湖南省|张家界市|电信
1911685120|1911734271|湖南省|益阳市|电信
1862841344|1862843391|湖南省|岳阳市|移通
2936086528|2936094719|湖南省|湘潭市|电信
3546431088|3546431095|湖南省|娄底市|铁通
3546431392|3546431399|湖南省|娄底市|铁通
2069102592|2069123071|湖南省|娄底市|铁通
2084833024|2084833279|湖南省|邵阳市|中电华通
1858959360|1858981887|湖南省|怀化市|铁通
1910276096|1910308863|湖南省|长沙市|电信
707788800|707919871|湖南省|\N|联通
3684571080|3684571083|湖南省|长沙市(联通骨干节点)|联通
707854344|707862527|湖南省|邵阳市|联通
3684569804|3684569807|湖南省|长沙市(联通骨干节点)|联通
707837952|707841023|湖南省|岳阳市|联通
707846144|707854335|湖南省|衡阳市|联通
707788800|707821567|湖南省|长沙市|联通
1779433472|1781530623|湖南省|\N|电信
